id,correct_answer,cot_original_extracted,cot_lexical_extracted,cot_syntactic_extracted,cot_contextual_extracted,average_accuracy
386,41,41,41,41,41,1.0
262,8900,8547.56,8922.45,8922.45,8972.0,0.0
213,40,40,40,40,40,1.0
121,1000,900,1000,800,1000,0.5
87,12,12,12,12,12,1.0
500,9,9,9,9,9,1.0
55,6,4,8,6,6,0.5
109,12,9,16,16,12,0.25
6,130,130,130.0,130.0,140.0,0.75
251,295,295,290,295,295,0.75
256,4,4,4,4,4,1.0
88,40,40,40,40,40,1.0
151,20,20,20,20,20,1.0
176,3,3,1,3,1,0.5
249,84,84,84,84,1236,0.75
279,4,4,4,4.00,4.00,1.0
21,10,10,10,29,10,0.75
399,48,48,48,48,48,1.0
171,6,6,6,8,6,0.75
375,43,49,43,43,43,0.75
296,33,37.4,33,33,33,0.75
368,10,10,10,10,240,0.75
131,245,245,245,385,245,0.75
60,36,36,36,36,36,1.0
59,1440,1440,1440,1440,1440,1.0
173,60,30,60,60,60,0.75
472,673,673,673,666.0,673,0.75
48,9,9,9,9,9,1.0
325,19,19,19,19,19,1.0
480,113,113,113,113,113,1.0
390,5,0.83,14,15,15,0.0
162,132000,132000,132000,132000,132000,1.0
458,1680000,4800,1680000,840000000.00,2640000,0.25
478,110,110,92,1420,230,0.25
382,41,14,14.00,41,41,0.5
147,3,3,37.02,3,-3,0.5
495,9,11,12,9,8,0.25
164,15,0,15,1,7.5,0.25
65,19,19,19,19,19,1.0
278,234,234,190,234,234,0.75
126,60,30,150,30,60,0.25
363,4,6.4,4,4,4,0.75
470,50,16.67,33.33,50,40,0.25
202,400,1060,400,400,400,0.75
449,210,210,210,210,210,1.0
328,4,4,4,6,4,0.75
408,1450,1450,1450,1450,1450,1.0
186,33,33,33,29,29.33,0.5
254,42000,700,42000,70,42000,0.5
297,100,200,100,100,200,0.5
302,28,53,28,28,19,0.5
18,360,360,360,360,360,1.0
274,200,200,30,200,30,0.5
261,12,2,9,12,7,0.25
440,30,30,30,30,30,1.0
96,22,22,22,22,22,1.0
240,4500,4500,4500,4500.00,4500,1.0
438,50,50,50,50,50,1.0
343,10,640.8,10,10,20,0.5
239,110,170,110,550,450,0.25
184,240,240,0,360,240,0.5
231,10,10,10,10,10,1.0
299,12,12.00,12.00,12.00,12.00,1.0
283,700,500,400,700,700,0.5
258,468,468.00,468.00,468.00,468,1.0
304,3285,90.0,3285,3285,3285,0.75
433,60,12,102,10,12,0.0
396,11,11,13,11,11,0.75
154,355,355.00,355.00,355.50,355.50,0.5
417,4625,6300.00,3625,3625,3625,0.0
484,39,1,45,36,1,0.0
493,200,200.0,200.00,50.00,200.0,0.75
118,2,2,2,2,2,1.0
192,6,6,6,6,6,1.0
189,94,94,94,94,94,1.0
400,9,9,9,21.33,9,0.75
95,16,16,16,16,16,1.0
44,600,600,600,600,600,1.0
466,81,96,81,81,81,0.75
23,16,16,18,16,12,0.5
446,50,50,50,50,50,1.0
447,16,16,16,16,16,1.0
456,18,18,18,18,18,1.0
300,36,30,36,36,36,0.75
260,53,53.0,53,53.0,68.0,0.75
9,25,16,25,25,64,0.5
136,6,3,5,5,6,0.25
397,22,1,1,1,5.0,0.0
80,20,20,20,20.0,7.20,0.75
11,9,9.0,9.00,9.00,9.00,1.0
305,3600,3600,3600,3600,3600,1.0
338,2,6,3/4,3/4,37,0.0
444,1600,1600,1600,1600,1600,1.0
469,6,6,6,6,6,1.0
101,2,2,2,2,2,1.0
181,4,0.27,-96,30,6,0.0
387,7,7,7,7,7,1.0
280,75,75,5,75,90,0.5
430,370,370,370,370,240,0.75
77,38000,38000,38000,38000,38000,1.0
436,75,75,75,75,11,0.75
165,40000,40000,40000,40000,40000,1.0
448,70,70,65,70,70,0.75
182,6,11,5,9,9,0.0
245,1280,1280,1280,1280,1280,1.0
485,44,44,44,44,44,1.0
281,11,11.0,4.5,11.00,11,0.75
155,84,60,84,84,39,0.5
119,50,50.0,50.0,50,50.0,1.0
113,21,21,21,2,21,0.75
198,17,17,17,17,17,1.0
360,5,5,5,5,5,1.0
129,19,19,19,19,19,1.0
172,2000,2000,2051,2000,2000,0.75
1,12,12.00,12.00,12.00,12.00,1.0
156,12,10,48,10,8,0.0
344,33,33,33,33,41,0.75
358,4,4,4.00,4,4.00,1.0
178,140,12,3,2.92,1,0.0
353,2600,2600,2600,2600,2600,1.0
405,5500,750,5500.0,5500,5500.0,0.75
246,5,5,5,5,5,1.0
422,7,7,7,7,7,1.0
166,7,6.2,6.6,5.8,6.2,0.0
365,85,85,5,85,85,0.75
331,600,600,600,600,600,1.0
483,24,24,90,20,5,0.25
50,1500,1500,1500.00,300,1500,0.75
414,12,20,12,12,12,0.75
441,15600,15600,15600,3600.00,19500,0.5
486,120,120.0,120.0,120,60,0.75
83,5,5,5,5,5,1.0
494,7,7,7,7,13/4,0.75
428,30,30,3,270,30,0.5
141,15,15,15,15,15,1.0
335,15,15,15,15,15,1.0
288,42,42,42,42,42,1.0
321,60,50,60,60,60,0.75
91,11,11,11,11,11,1.0
228,112,112,112,168,336,0.5
152,14,14,14,14,14,1.0
25,96,96,96,96,96,1.0
463,6,6,6,6,5,0.75
423,25,25,25,25,25,1.0
388,15,15,15,15,15,1.0
161,5,5,5,5,0,0.75
235,10,9.00,2.50,1.50,5,0.0
148,240,240,240,240,240,1.0
389,288,288,216,288,576,0.5
197,180,180,180.0,180,180,1.0
53,920,920,920,920,920,1.0
174,936,936,936,936,936,1.0
419,20,20,20,20,20,1.0
252,21,21.00,21.00,210,2.10,0.5
195,5,5,5,5,5,1.0
49,20,55,45,20,-55,0.25
306,300,450,300,250,180,0.25
32,9,9,9,9,9,1.0
394,9,9,9,9,9,1.0
322,1124,1124,1124,1124,1124,1.0
319,25,25,25,25,25,1.0
71,198,198,198,198,198,1.0
477,840,840,1080,840,840.0,0.75
179,15,15,15,15,50,0.75
284,70,23.33,23.33,50,70,0.25
383,60,60,60,6,180,0.5
453,40,40,40,40.0,40,1.0
402,5,5,5,5,5,1.0
37,30,30,10,30,30.0,0.75
464,20,20,30,20,20,0.75
409,5,5,9,5,5,0.75
159,10,10,10,0,-1,0.5
292,16000,16000,16000,16000,16000,1.0
200,25,25,23.75,23,25,0.5
401,504,504.00,189.00,504.00,207.90,0.5
418,2900,2900.0,2900,2900.00,2900,1.0
259,11,15,15,15,15,0.0
61,66,66,66,96,96,0.5
142,8,8,8,8,8,1.0
455,50,50,50,43,50,0.75
107,270,270,270,210,270,0.75
248,57,62,57,57,62,0.5
474,100,100.00,100.00,100.00,100.00,1.0
104,2,2,2,2,2,1.0
134,74,74,74,74,74,1.0
222,5,5.00,5,5.00,5.0,1.0
218,320,320,320,320,320,1.0
298,35,35,35,35,35,1.0
490,3,3,3,3,3,1.0
4,245,245,245,245,245,1.0
